{
  "mean_plddt": 78.58870697021484,
  "recycles": 3,
  "tol": 0.77582848072052,
  "model": "5",
  "type": "monomer_ptm",
  "seed": "0",
  "mean_pae_interaction": NaN,
  "mean_pae_intra_chain_A": 12.267148971557617,
  "mean_pae_intra_chain": 12.267148971557617,
  "mean_pae": 12.563879013061523,
  "pTMscore": 0.3919144868850708,
  "elapsed_time": 3.1806511878967285
}