{
  "mean_plddt": 30.93107032775879,
  "recycles": 3,
  "tol": 3.8555972576141357,
  "model": "5",
  "type": "monomer_ptm",
  "seed": "0",
  "mean_pae_interaction": NaN,
  "mean_pae_intra_chain_A": 23.964954376220703,
  "mean_pae_intra_chain": 23.964954376220703,
  "mean_pae": 23.983827590942383,
  "pTMscore": 0.16728971898555756,
  "elapsed_time": 12.026894807815552
}