{
  "mean_plddt": 21.443639755249023,
  "recycles": 3,
  "tol": 12.005834579467773,
  "model": "5",
  "type": "monomer_ptm",
  "seed": "0",
  "mean_pae_interaction": NaN,
  "mean_pae_intra_chain_A": 28.42987060546875,
  "mean_pae_intra_chain": 28.42987060546875,
  "mean_pae": 28.431516647338867,
  "pTMscore": 0.14683660864830017,
  "elapsed_time": 390.2637119293213
}