{
  "mean_plddt": 22.728437423706055,
  "recycles": 3,
  "tol": 3.222604513168335,
  "model": "5",
  "type": "monomer_ptm",
  "seed": "0",
  "mean_pae_interaction": NaN,
  "mean_pae_intra_chain_A": 27.92181968688965,
  "mean_pae_intra_chain": 27.92181968688965,
  "mean_pae": 27.926143646240234,
  "pTMscore": 0.16142214834690094,
  "elapsed_time": 359.4201228618622
}