{
  "mean_plddt": 22.471017837524414,
  "recycles": 3,
  "tol": 11.123913764953613,
  "model": "5",
  "type": "monomer_ptm",
  "seed": "0",
  "mean_pae_interaction": NaN,
  "mean_pae_intra_chain_A": 27.99954605102539,
  "mean_pae_intra_chain": 27.99954605102539,
  "mean_pae": 28.003662109375,
  "pTMscore": 0.15144629776477814,
  "elapsed_time": 361.2901692390442
}