{
  "mean_plddt": 22.01931381225586,
  "recycles": 3,
  "tol": 5.817091464996338,
  "model": "5",
  "type": "monomer_ptm",
  "seed": "0",
  "mean_pae_interaction": NaN,
  "mean_pae_intra_chain_A": 27.457416534423828,
  "mean_pae_intra_chain": 27.457416534423828,
  "mean_pae": 27.46057891845703,
  "pTMscore": 0.13440483808517456,
  "elapsed_time": 36.94346380233765
}