{
  "mean_plddt": 58.588172912597656,
  "recycles": 3,
  "tol": 2.090689182281494,
  "model": "5",
  "type": "monomer_ptm",
  "seed": "0",
  "mean_pae_interaction": NaN,
  "mean_pae_intra_chain_A": 16.74397850036621,
  "mean_pae_intra_chain": 16.74397850036621,
  "mean_pae": 16.811037063598633,
  "pTMscore": 0.28261426091194153,
  "elapsed_time": 3.909795045852661
}