{
  "mean_plddt": 62.75166702270508,
  "recycles": 3,
  "tol": 4.928900241851807,
  "model": "5",
  "type": "monomer_ptm",
  "seed": "0",
  "mean_pae_interaction": NaN,
  "mean_pae_intra_chain_A": 23.04294204711914,
  "mean_pae_intra_chain": 23.04294204711914,
  "mean_pae": 23.060380935668945,
  "pTMscore": 0.29102984070777893,
  "elapsed_time": 52.23284602165222
}