{
  "mean_plddt": 51.83628463745117,
  "recycles": 3,
  "tol": 4.590068340301514,
  "model": "5",
  "type": "monomer_ptm",
  "seed": "0",
  "mean_pae_interaction": NaN,
  "mean_pae_intra_chain_A": 20.31854820251465,
  "mean_pae_intra_chain": 20.31854820251465,
  "mean_pae": 20.379392623901367,
  "pTMscore": 0.22910325229167938,
  "elapsed_time": 4.321138620376587
}