{
  "mean_plddt": 59.20359802246094,
  "recycles": 3,
  "tol": 0.5132649540901184,
  "model": "5",
  "type": "monomer_ptm",
  "seed": "0",
  "mean_pae_interaction": NaN,
  "mean_pae_intra_chain_A": 15.057509422302246,
  "mean_pae_intra_chain": 15.057509422302246,
  "mean_pae": 15.291236877441406,
  "pTMscore": 0.21137741208076477,
  "elapsed_time": 2.701741933822632
}