{
  "mean_plddt": 49.37165832519531,
  "recycles": 3,
  "tol": 1.9658851623535156,
  "model": "5",
  "type": "monomer_ptm",
  "seed": "0",
  "mean_pae_interaction": NaN,
  "mean_pae_intra_chain_A": 23.259593963623047,
  "mean_pae_intra_chain": 23.259593963623047,
  "mean_pae": 23.267555236816406,
  "pTMscore": 0.2073153853416443,
  "elapsed_time": 10.352962732315063
}