{
  "mean_plddt": 50.98895263671875,
  "recycles": 3,
  "tol": 5.650846481323242,
  "model": "5",
  "type": "monomer_ptm",
  "seed": "0",
  "mean_pae_interaction": NaN,
  "mean_pae_intra_chain_A": 26.301361083984375,
  "mean_pae_intra_chain": 26.301361083984375,
  "mean_pae": 26.3098087310791,
  "pTMscore": 0.2370873987674713,
  "elapsed_time": 58.755006074905396
}