{
  "mean_plddt": 40.12501525878906,
  "recycles": 3,
  "tol": 1.9875880479812622,
  "model": "5",
  "type": "monomer_ptm",
  "seed": "0",
  "mean_pae_interaction": NaN,
  "mean_pae_intra_chain_A": 19.274919509887695,
  "mean_pae_intra_chain": 19.274919509887695,
  "mean_pae": 19.383481979370117,
  "pTMscore": 0.23518694937229156,
  "elapsed_time": 4.386626720428467
}