{
  "mean_plddt": 29.83169937133789,
  "recycles": 3,
  "tol": 3.738128900527954,
  "model": "5",
  "type": "monomer_ptm",
  "seed": "0",
  "mean_pae_interaction": NaN,
  "mean_pae_intra_chain_A": 24.380382537841797,
  "mean_pae_intra_chain": 24.380382537841797,
  "mean_pae": 24.403623580932617,
  "pTMscore": 0.16915610432624817,
  "elapsed_time": 149.5573446750641
}