{
  "mean_plddt": 38.66321563720703,
  "recycles": 3,
  "tol": 5.957779407501221,
  "model": "5",
  "type": "monomer_ptm",
  "seed": "0",
  "mean_pae_interaction": NaN,
  "mean_pae_intra_chain_A": 23.10512924194336,
  "mean_pae_intra_chain": 23.10512924194336,
  "mean_pae": 23.1335506439209,
  "pTMscore": 0.2962937355041504,
  "elapsed_time": 153.2185504436493
}