{
  "mean_plddt": 29.49666976928711,
  "recycles": 3,
  "tol": 2.534243106842041,
  "model": "5",
  "type": "monomer_ptm",
  "seed": "0",
  "mean_pae_interaction": NaN,
  "mean_pae_intra_chain_A": 24.723642349243164,
  "mean_pae_intra_chain": 24.723642349243164,
  "mean_pae": 24.742658615112305,
  "pTMscore": 0.23605705797672272,
  "elapsed_time": 159.62023520469666
}