{
  "mean_plddt": 41.640472412109375,
  "recycles": 3,
  "tol": 2.0178468227386475,
  "model": "5",
  "type": "monomer_ptm",
  "seed": "0",
  "mean_pae_interaction": NaN,
  "mean_pae_intra_chain_A": 18.20488929748535,
  "mean_pae_intra_chain": 18.20488929748535,
  "mean_pae": 18.31603240966797,
  "pTMscore": 0.26362529397010803,
  "elapsed_time": 174.68866682052612
}