{
  "mean_plddt": 34.14151382446289,
  "recycles": 3,
  "tol": 3.875649929046631,
  "model": "5",
  "type": "monomer_ptm",
  "seed": "0",
  "mean_pae_interaction": NaN,
  "mean_pae_intra_chain_A": 18.336313247680664,
  "mean_pae_intra_chain": 18.336313247680664,
  "mean_pae": 18.38789939880371,
  "pTMscore": 0.2449238896369934,
  "elapsed_time": 158.098210811615
}