{
  "mean_plddt": 47.38143539428711,
  "recycles": 3,
  "tol": 9.363784790039062,
  "model": "5",
  "type": "monomer_ptm",
  "seed": "0",
  "mean_pae_interaction": NaN,
  "mean_pae_intra_chain_A": 15.684688568115234,
  "mean_pae_intra_chain": 15.684688568115234,
  "mean_pae": 15.729998588562012,
  "pTMscore": 0.4449913501739502,
  "elapsed_time": 148.2345085144043
}