{
  "mean_plddt": 32.03305435180664,
  "recycles": 3,
  "tol": 8.850831985473633,
  "model": "5",
  "type": "monomer_ptm",
  "seed": "0",
  "mean_pae_interaction": NaN,
  "mean_pae_intra_chain_A": 26.300674438476562,
  "mean_pae_intra_chain": 26.300674438476562,
  "mean_pae": 26.302614212036133,
  "pTMscore": 0.19315992295742035,
  "elapsed_time": 192.97523760795593
}